Metric,Value
Accuracy,0.8
Precision,0.5555555555555555
Recall,0.6666666666666666
F1,0.6
