Model,Accuracy,Precision,Recall,F1
TF-IDF,0.25,0.05,0.25,0.0833333333333333
IndoBERT,0.125,0.025,0.125,0.0416666666666666
